{
  "annotations": {
    "list": [
      {
        "builtIn": 1,
        "datasource": "-- Grafana --",
        "enable": true,
        "hide": true,
        "iconColor": "rgba(0, 211, 255, 1)",
        "name": "Annotations & Alerts",
        "type": "dashboard"
      }
    ]
  },
  "editable": true,
  "gnetId": null,
  "graphTooltip": 0,
  "id": null,
  "links": [],
  "panels": [
    {
      "collapsed": false,
      "datasource": null,
      "gridPos": {
        "h": 1,
        "w": 24,
        "x": 0,
        "y": 0
      },
      "id": 100,
      "panels": [],
      "title": "核心指标总览",
      "type": "row"
    },
    {
      "datasource": "Prometheus",
      "fieldConfig": {
        "defaults": {
          "color": {
            "mode": "thresholds"
          },
          "mappings": [],
          "thresholds": {
            "mode": "absolute",
            "steps": [
              {
                "color": "blue",
                "value": null
              }
            ]
          },
          "unit": "short"
        },
        "overrides": []
      },
      "gridPos": {
        "h": 4,
        "w": 4,
        "x": 0,
        "y": 1
      },
      "id": 1,
      "options": {
        "colorMode": "background",
        "graphMode": "area",
        "justifyMode": "center",
        "orientation": "auto",
        "reduceOptions": {
          "values": false,
          "calcs": [
            "lastNotNull"
          ],
          "fields": ""
        },
        "text": {},
        "textMode": "auto"
      },
      "pluginVersion": "8.0.0",
      "targets": [
        {
          "expr": "datadiff_table_comparisons_total",
          "refId": "A"
        }
      ],
      "title": "表比对总次数",
      "type": "stat"
    },
    {
      "datasource": "Prometheus",
      "fieldConfig": {
        "defaults": {
          "color": {
            "mode": "thresholds"
          },
          "mappings": [],
          "thresholds": {
            "mode": "absolute",
            "steps": [
              {
                "color": "purple",
                "value": null
              }
            ]
          },
          "unit": "short"
        },
        "overrides": []
      },
      "gridPos": {
        "h": 4,
        "w": 4,
        "x": 4,
        "y": 1
      },
      "id": 11,
      "options": {
        "colorMode": "background",
        "graphMode": "area",
        "justifyMode": "center",
        "orientation": "auto",
        "reduceOptions": {
          "values": false,
          "calcs": [
            "lastNotNull"
          ],
          "fields": ""
        },
        "text": {},
        "textMode": "auto"
      },
      "pluginVersion": "8.0.0",
      "targets": [
        {
          "expr": "datadiff_schema_comparisons_total",
          "refId": "A"
        }
      ],
      "title": "Schema比对总次数",
      "type": "stat"
    },
    {
      "datasource": "Prometheus",
      "fieldConfig": {
        "defaults": {
          "color": {
            "mode": "thresholds"
          },
          "mappings": [],
          "thresholds": {
            "mode": "absolute",
            "steps": [
              {
                "color": "green",
                "value": null
              },
              {
                "color": "yellow",
                "value": 100
              },
              {
                "color": "red",
                "value": 1000
              }
            ]
          },
          "unit": "short"
        },
        "overrides": []
      },
      "gridPos": {
        "h": 4,
        "w": 4,
        "x": 8,
        "y": 1
      },
      "id": 2,
      "options": {
        "colorMode": "background",
        "graphMode": "area",
        "justifyMode": "center",
        "orientation": "auto",
        "reduceOptions": {
          "values": false,
          "calcs": [
            "lastNotNull"
          ],
          "fields": ""
        },
        "text": {},
        "textMode": "auto"
      },
      "pluginVersion": "8.0.0",
      "targets": [
        {
          "expr": "sum(datadiff_comparison_differences_total_sum{comparison_type=\"table\"})",
          "refId": "A"
        }
      ],
      "title": "发现的表数据差异",
      "type": "stat"
    },
    {
      "datasource": "Prometheus",
      "fieldConfig": {
        "defaults": {
          "color": {
            "mode": "thresholds"
          },
          "mappings": [],
          "thresholds": {
            "mode": "absolute",
            "steps": [
              {
                "color": "green",
                "value": null
              },
              {
                "color": "yellow",
                "value": 10
              },
              {
                "color": "red",
                "value": 50
              }
            ]
          },
          "unit": "short"
        },
        "overrides": []
      },
      "gridPos": {
        "h": 4,
        "w": 4,
        "x": 12,
        "y": 1
      },
      "id": 14,
      "options": {
        "colorMode": "background",
        "graphMode": "area",
        "justifyMode": "center",
        "orientation": "auto",
        "reduceOptions": {
          "values": false,
          "calcs": [
            "lastNotNull"
          ],
          "fields": ""
        },
        "text": {},
        "textMode": "auto"
      },
      "pluginVersion": "8.0.0",
      "targets": [
        {
          "expr": "datadiff_all_schemas_total_differences",
          "refId": "A"
        }
      ],
      "title": "发现的Schema差异",
      "type": "stat"
    },
    {
      "datasource": "Prometheus",
      "fieldConfig": {
        "defaults": {
          "color": {
            "mode": "thresholds"
          },
          "mappings": [],
          "thresholds": {
            "mode": "absolute",
            "steps": [
              {
                "color": "green",
                "value": null
              }
            ]
          },
          "unit": "short",
          "decimals": 0
        },
        "overrides": []
      },
      "gridPos": {
        "h": 4,
        "w": 4,
        "x": 16,
        "y": 1
      },
      "id": 3,
      "options": {
        "colorMode": "value",
        "graphMode": "area",
        "justifyMode": "center",
        "orientation": "auto",
        "reduceOptions": {
          "values": false,
          "calcs": [
            "lastNotNull"
          ],
          "fields": ""
        },
        "text": {},
        "textMode": "auto"
      },
      "pluginVersion": "8.0.0",
      "targets": [
        {
          "expr": "sum(datadiff_table_total_rows)",
          "refId": "A"
        }
      ],
      "title": "累计比对行数",
      "type": "stat"
    },
    {
      "datasource": "Prometheus",
      "fieldConfig": {
        "defaults": {
          "color": {
            "mode": "thresholds"
          },
          "mappings": [],
          "thresholds": {
            "mode": "absolute",
            "steps": [
              {
                "color": "red",
                "value": null
              },
              {
                "color": "yellow",
                "value": 70
              },
              {
                "color": "green",
                "value": 90
              }
            ]
          },
          "unit": "percent",
          "min": 0,
          "max": 100
        },
        "overrides": []
      },
      "gridPos": {
        "h": 4,
        "w": 4,
        "x": 20,
        "y": 1
      },
      "id": 4,
      "options": {
        "colorMode": "background",
        "graphMode": "area",
        "justifyMode": "center",
        "orientation": "auto",
        "reduceOptions": {
          "values": false,
          "calcs": [
            "mean"
          ],
          "fields": ""
        },
        "text": {},
        "textMode": "auto"
      },
      "pluginVersion": "8.0.0",
      "targets": [
        {
          "expr": "avg(datadiff_data_quality_score)",
          "refId": "A"
        }
      ],
      "title": "平均数据质量分数",
      "type": "stat"
    },
    {
      "collapsed": false,
      "datasource": null,
      "gridPos": {
        "h": 1,
        "w": 24,
        "x": 0,
        "y": 5
      },
      "id": 101,
      "panels": [],
      "title": "执行效率分析",
      "type": "row"
    },
    {
      "datasource": "Prometheus",
      "fieldConfig": {
        "defaults": {
          "color": {
            "mode": "thresholds"
          },
          "mappings": [],
          "thresholds": {
            "mode": "absolute",
            "steps": [
              {
                "color": "green",
                "value": null
              },
              {
                "color": "yellow",
                "value": 3
              },
              {
                "color": "red",
                "value": 10
              }
            ]
          },
          "unit": "s"
        },
        "overrides": []
      },
      "gridPos": {
        "h": 5,
        "w": 6,
        "x": 0,
        "y": 6
      },
      "id": 15,
      "options": {
        "colorMode": "background",
        "graphMode": "area",
        "justifyMode": "center",
        "orientation": "horizontal",
        "reduceOptions": {
          "values": false,
          "calcs": [
            "lastNotNull"
          ],
          "fields": ""
        },
        "text": {},
        "textMode": "auto"
      },
      "pluginVersion": "8.0.0",
      "targets": [
        {
          "expr": "datadiff_table_comparison_avg_time",
          "refId": "A"
        }
      ],
      "title": "表比对API平均耗时",
      "description": "仅API内部处理时间（不含n8n开销）",
      "type": "stat"
    },
    {
      "datasource": "Prometheus",
      "fieldConfig": {
        "defaults": {
          "color": {
            "mode": "thresholds"
          },
          "mappings": [],
          "thresholds": {
            "mode": "absolute",
            "steps": [
              {
                "color": "green",
                "value": null
              },
              {
                "color": "yellow",
                "value": 2
              },
              {
                "color": "red",
                "value": 5
              }
            ]
          },
          "unit": "s"
        },
        "overrides": []
      },
      "gridPos": {
        "h": 5,
        "w": 6,
        "x": 6,
        "y": 6
      },
      "id": 16,
      "options": {
        "colorMode": "background",
        "graphMode": "area",
        "justifyMode": "center",
        "orientation": "horizontal",
        "reduceOptions": {
          "values": false,
          "calcs": [
            "lastNotNull"
          ],
          "fields": ""
        },
        "text": {},
        "textMode": "auto"
      },
      "pluginVersion": "8.0.0",
      "targets": [
        {
          "expr": "datadiff_schema_comparison_avg_time",
          "refId": "A"
        }
      ],
      "title": "Schema比对API平均耗时",
      "description": "仅API内部处理时间（不含n8n开销）",
      "type": "stat"
    },
    {
      "datasource": "Prometheus",
      "fieldConfig": {
        "defaults": {
          "color": {
            "mode": "thresholds"
          },
          "mappings": [],
          "thresholds": {
            "mode": "absolute",
            "steps": [
              {
                "color": "green",
                "value": null
              },
              {
                "color": "yellow",
                "value": 20
              },
              {
                "color": "red",
                "value": 30
              }
            ]
          },
          "unit": "s"
        },
        "overrides": []
      },
      "gridPos": {
        "h": 5,
        "w": 6,
        "x": 12,
        "y": 6
      },
      "id": 19,
      "options": {
        "colorMode": "background",
        "graphMode": "area",
        "justifyMode": "center",
        "orientation": "horizontal",
        "reduceOptions": {
          "values": false,
          "calcs": [
            "lastNotNull"
          ],
          "fields": ""
        },
        "text": {},
        "textMode": "auto"
      },
      "pluginVersion": "8.0.0",
      "targets": [
        {
          "expr": "avg(datadiff_comparison_duration_seconds_sum{comparison_type=\"table\"} / datadiff_comparison_duration_seconds_count{comparison_type=\"table\"})",
          "refId": "A"
        }
      ],
      "title": "表比对工作流平均耗时",
      "description": "完整工作流执行时间（含n8n开销）",
      "type": "stat"
    },
    {
      "datasource": "Prometheus",
      "fieldConfig": {
        "defaults": {
          "color": {
            "mode": "thresholds"
          },
          "mappings": [],
          "thresholds": {
            "mode": "absolute",
            "steps": [
              {
                "color": "green",
                "value": null
              },
              {
                "color": "yellow",
                "value": 15
              },
              {
                "color": "red",
                "value": 25
              }
            ]
          },
          "unit": "s"
        },
        "overrides": []
      },
      "gridPos": {
        "h": 5,
        "w": 6,
        "x": 18,
        "y": 6
      },
      "id": 20,
      "options": {
        "colorMode": "background",
        "graphMode": "area",
        "justifyMode": "center",
        "orientation": "horizontal",
        "reduceOptions": {
          "values": false,
          "calcs": [
            "lastNotNull"
          ],
          "fields": ""
        },
        "text": {},
        "textMode": "auto"
      },
      "pluginVersion": "8.0.0",
      "targets": [
        {
          "expr": "avg(datadiff_comparison_duration_seconds_sum{comparison_type=\"schema\"} / datadiff_comparison_duration_seconds_count{comparison_type=\"schema\"})",
          "refId": "A"
        }
      ],
      "title": "Schema比对工作流平均耗时",
      "description": "完整工作流执行时间（含n8n开销）",
      "type": "stat"
    },
    {
      "collapsed": false,
      "datasource": null,
      "gridPos": {
        "h": 1,
        "w": 24,
        "x": 0,
        "y": 11
      },
      "id": 102,
      "panels": [],
      "title": "比对趋势分析",
      "type": "row"
    },
    {
      "datasource": "Prometheus",
      "fieldConfig": {
        "defaults": {
          "color": {
            "mode": "palette-classic"
          },
          "custom": {
            "axisLabel": "",
            "axisPlacement": "auto",
            "barAlignment": 0,
            "drawStyle": "line",
            "fillOpacity": 10,
            "gradientMode": "none",
            "hideFrom": {
              "tooltip": false,
              "viz": false,
              "legend": false
            },
            "lineInterpolation": "linear",
            "lineWidth": 2,
            "pointSize": 5,
            "scaleDistribution": {
              "type": "linear"
            },
            "showPoints": "never",
            "spanNulls": true,
            "stacking": {
              "group": "A",
              "mode": "none"
            },
            "thresholdsStyle": {
              "mode": "off"
            }
          },
          "mappings": [],
          "thresholds": {
            "mode": "absolute",
            "steps": [
              {
                "color": "green",
                "value": null
              }
            ]
          },
          "unit": "short"
        },
        "overrides": [
          {
            "matcher": {
              "id": "byName",
              "options": "表比对"
            },
            "properties": [
              {
                "id": "color",
                "value": {
                  "fixedColor": "blue",
                  "mode": "fixed"
                }
              }
            ]
          },
          {
            "matcher": {
              "id": "byName",
              "options": "Schema比对"
            },
            "properties": [
              {
                "id": "color",
                "value": {
                  "fixedColor": "purple",
                  "mode": "fixed"
                }
              }
            ]
          }
        ]
      },
      "gridPos": {
        "h": 8,
        "w": 12,
        "x": 0,
        "y": 12
      },
      "id": 5,
      "options": {
        "tooltip": {
          "mode": "multi"
        },
        "legend": {
          "displayMode": "list",
          "placement": "bottom",
          "calcs": []
        }
      },
      "pluginVersion": "8.0.0",
      "targets": [
        {
          "expr": "sum(rate(datadiff_comparison_total{comparison_type=\"table\"}[5m])) * 60",
          "legendFormat": "表比对",
          "refId": "A"
        },
        {
          "expr": "sum(rate(datadiff_comparison_total{comparison_type=\"schema\"}[5m])) * 60",
          "legendFormat": "Schema比对",
          "refId": "B"
        }
      ],
      "title": "比对执行频率（每分钟）",
      "type": "timeseries"
    },
    {
      "datasource": "Prometheus",
      "fieldConfig": {
        "defaults": {
          "color": {
            "mode": "palette-classic"
          },
          "custom": {
            "axisLabel": "",
            "axisPlacement": "auto",
            "barAlignment": 0,
            "drawStyle": "line",
            "fillOpacity": 10,
            "gradientMode": "none",
            "hideFrom": {
              "tooltip": false,
              "viz": false,
              "legend": false
            },
            "lineInterpolation": "linear",
            "lineWidth": 2,
            "pointSize": 5,
            "scaleDistribution": {
              "type": "linear"
            },
            "showPoints": "never",
            "spanNulls": true,
            "stacking": {
              "group": "A",
              "mode": "none"
            },
            "thresholdsStyle": {
              "mode": "off"
            }
          },
          "mappings": [],
          "thresholds": {
            "mode": "absolute",
            "steps": [
              {
                "color": "green",
                "value": null
              }
            ]
          },
          "unit": "s"
        },
        "overrides": []
      },
      "gridPos": {
        "h": 8,
        "w": 12,
        "x": 12,
        "y": 12
      },
      "id": 6,
      "options": {
        "tooltip": {
          "mode": "multi"
        },
        "legend": {
          "displayMode": "list",
          "placement": "bottom",
          "calcs": ["mean", "max"]
        }
      },
      "pluginVersion": "8.0.0",
      "targets": [
        {
          "expr": "histogram_quantile(0.95, sum(rate(datadiff_comparison_duration_seconds_bucket[5m])) by (le))",
          "legendFormat": "P95 执行时间",
          "refId": "A"
        },
        {
          "expr": "histogram_quantile(0.50, sum(rate(datadiff_comparison_duration_seconds_bucket[5m])) by (le))",
          "legendFormat": "P50 执行时间",
          "refId": "B"
        }
      ],
      "title": "比对执行时间分布",
      "type": "timeseries"
    },
    {
      "collapsed": false,
      "datasource": null,
      "gridPos": {
        "h": 1,
        "w": 24,
        "x": 0,
        "y": 20
      },
      "id": 103,
      "panels": [],
      "title": "详细分析",
      "type": "row"
    },
    {
      "datasource": "Prometheus",
      "fieldConfig": {
        "defaults": {
          "custom": {
            "align": "auto",
            "displayMode": "auto"
          },
          "mappings": [],
          "thresholds": {
            "mode": "absolute",
            "steps": [
              {
                "color": "green",
                "value": null
              }
            ]
          }
        },
        "overrides": [
          {
            "matcher": {
              "id": "byName",
              "options": "表名"
            },
            "properties": [
              {
                "id": "custom.width",
                "value": 250
              }
            ]
          },
          {
            "matcher": {
              "id": "byName",
              "options": "差异数"
            },
            "properties": [
              {
                "id": "custom.displayMode",
                "value": "color-background"
              },
              {
                "id": "thresholds",
                "value": {
                  "mode": "absolute",
                  "steps": [
                    {
                      "color": "green",
                      "value": null
                    },
                    {
                      "color": "yellow",
                      "value": 10
                    },
                    {
                      "color": "red",
                      "value": 100
                    }
                  ]
                }
              },
              {
                "id": "custom.width",
                "value": 100
              }
            ]
          },
          {
            "matcher": {
              "id": "byName",
              "options": "比对行数"
            },
            "properties": [
              {
                "id": "custom.width",
                "value": 120
              },
              {
                "id": "decimals",
                "value": 0
              }
            ]
          },
          {
            "matcher": {
              "id": "byName",
              "options": "差异率"
            },
            "properties": [
              {
                "id": "unit",
                "value": "percentunit"
              },
              {
                "id": "custom.displayMode",
                "value": "gradient-gauge"
              },
              {
                "id": "thresholds",
                "value": {
                  "mode": "absolute",
                  "steps": [
                    {
                      "color": "green",
                      "value": null
                    },
                    {
                      "color": "yellow",
                      "value": 0.01
                    },
                    {
                      "color": "red",
                      "value": 0.1
                    }
                  ]
                }
              },
              {
                "id": "custom.width",
                "value": 150
              }
            ]
          },
          {
            "matcher": {
              "id": "byName",
              "options": "平均耗时"
            },
            "properties": [
              {
                "id": "unit",
                "value": "s"
              },
              {
                "id": "decimals",
                "value": 2
              },
              {
                "id": "custom.width",
                "value": 100
              }
            ]
          }
        ]
      },
      "gridPos": {
        "h": 10,
        "w": 12,
        "x": 0,
        "y": 21
      },
      "id": 7,
      "options": {
        "showHeader": true,
        "sortBy": [
          {
            "desc": true,
            "displayName": "差异数"
          }
        ]
      },
      "pluginVersion": "8.0.0",
      "targets": [
        {
          "expr": "datadiff_table_total_differences",
          "format": "table",
          "instant": true,
          "refId": "A"
        },
        {
          "expr": "datadiff_table_total_rows",
          "format": "table",
          "instant": true,
          "refId": "B"
        },
        {
          "expr": "1 - (datadiff_table_avg_match_rate / 100)",
          "format": "table",
          "instant": true,
          "refId": "C"
        },
        {
          "expr": "datadiff_table_avg_execution_time",
          "format": "table",
          "instant": true,
          "refId": "D"
        }
      ],
      "title": "表比对详情（按差异数排序）",
      "transformations": [
        {
          "id": "merge",
          "options": {}
        },
        {
          "id": "organize",
          "options": {
            "excludeByName": {
              "Time": true,
              "__name__": true,
              "job": true,
              "instance": true
            },
            "indexByName": {
              "table_name": 0,
              "Value #A": 1,
              "Value #B": 2,
              "Value #C": 3,
              "Value #D": 4
            },
            "renameByName": {
              "table_name": "表名",
              "Value #A": "差异数",
              "Value #B": "比对行数",
              "Value #C": "差异率",
              "Value #D": "平均耗时"
            }
          }
        }
      ],
      "type": "table"
    },
    {
      "datasource": "Prometheus",
      "fieldConfig": {
        "defaults": {
          "custom": {
            "align": "auto",
            "displayMode": "auto"
          },
          "mappings": [],
          "thresholds": {
            "mode": "absolute",
            "steps": [
              {
                "color": "green",
                "value": null
              }
            ]
          }
        },
        "overrides": [
          {
            "matcher": {
              "id": "byName",
              "options": "差异类型"
            },
            "properties": [
              {
                "id": "custom.width",
                "value": 200
              }
            ]
          },
          {
            "matcher": {
              "id": "byName",
              "options": "差异数"
            },
            "properties": [
              {
                "id": "custom.displayMode",
                "value": "color-background"
              },
              {
                "id": "thresholds",
                "value": {
                  "mode": "absolute",
                  "steps": [
                    {
                      "color": "green",
                      "value": null
                    },
                    {
                      "color": "yellow",
                      "value": 5
                    },
                    {
                      "color": "red",
                      "value": 20
                    }
                  ]
                }
              }
            ]
          }
        ]
      },
      "gridPos": {
        "h": 10,
        "w": 12,
        "x": 12,
        "y": 21
      },
      "id": 12,
      "options": {
        "showHeader": true,
        "sortBy": [
          {
            "desc": true,
            "displayName": "差异数"
          }
        ]
      },
      "pluginVersion": "8.0.0",
      "targets": [
        {
          "expr": "datadiff_schema_differences",
          "format": "table",
          "instant": true,
          "refId": "A"
        }
      ],
      "title": "Schema差异详情",
      "transformations": [
        {
          "id": "organize",
          "options": {
            "excludeByName": {
              "Time": true,
              "__name__": true,
              "job": true,
              "instance": true
            },
            "indexByName": {},
            "renameByName": {
              "difference_type": "差异类型",
              "Value": "差异数"
            }
          }
        }
      ],
      "type": "table"
    },
    {
      "datasource": "Prometheus",
      "fieldConfig": {
        "defaults": {
          "color": {
            "mode": "palette-classic"
          },
          "custom": {
            "hideFrom": {
              "tooltip": false,
              "viz": false,
              "legend": false
            }
          },
          "mappings": [],
          "unit": "short"
        },
        "overrides": []
      },
      "gridPos": {
        "h": 8,
        "w": 12,
        "x": 0,
        "y": 31
      },
      "id": 13,
      "options": {
        "displayLabels": ["name", "value"],
        "legend": {
          "displayMode": "table",
          "placement": "right",
          "values": ["value", "percent"],
          "calcs": []
        },
        "pieType": "donut",
        "reduceOptions": {
          "values": false,
          "calcs": [
            "lastNotNull"
          ],
          "fields": ""
        },
        "tooltip": {
          "mode": "single"
        }
      },
      "pluginVersion": "8.0.0",
      "targets": [
        {
          "expr": "datadiff_table_comparisons_completed",
          "legendFormat": "表比对-成功",
          "refId": "A"
        },
        {
          "expr": "datadiff_table_comparisons_failed",
          "legendFormat": "表比对-失败",
          "refId": "B"
        },
        {
          "expr": "datadiff_schema_comparisons_completed",
          "legendFormat": "Schema比对-成功",
          "refId": "C"
        },
        {
          "expr": "datadiff_schema_comparisons_failed",
          "legendFormat": "Schema比对-失败",
          "refId": "D"
        }
      ],
      "title": "比对任务成功率分析",
      "type": "piechart"
    },
    {
      "datasource": "Prometheus",
      "fieldConfig": {
        "defaults": {
          "custom": {
            "align": "auto",
            "displayMode": "auto"
          },
          "mappings": [],
          "thresholds": {
            "mode": "absolute",
            "steps": [
              {
                "color": "green",
                "value": null
              }
            ]
          }
        },
        "overrides": [
          {
            "matcher": {
              "id": "byName",
              "options": "平均耗时(秒)"
            },
            "properties": [
              {
                "id": "unit",
                "value": "s"
              },
              {
                "id": "decimals",
                "value": 2
              },
              {
                "id": "custom.displayMode",
                "value": "color-background"
              },
              {
                "id": "thresholds",
                "value": {
                  "mode": "absolute",
                  "steps": [
                    {
                      "color": "green",
                      "value": null
                    },
                    {
                      "color": "yellow",
                      "value": 2
                    },
                    {
                      "color": "red",
                      "value": 5
                    }
                  ]
                }
              }
            ]
          }
        ]
      },
      "gridPos": {
        "h": 8,
        "w": 12,
        "x": 12,
        "y": 31
      },
      "id": 17,
      "options": {
        "showHeader": true,
        "sortBy": [
          {
            "desc": true,
            "displayName": "平均耗时(秒)"
          }
        ]
      },
      "pluginVersion": "8.0.0",
      "targets": [
        {
          "expr": "datadiff_schema_execution_time",
          "format": "table",
          "instant": true,
          "refId": "A"
        }
      ],
      "title": "Schema比对执行效率排行",
      "transformations": [
        {
          "id": "organize",
          "options": {
            "excludeByName": {
              "Time": true,
              "__name__": true,
              "job": true,
              "instance": true
            },
            "indexByName": {},
            "renameByName": {
              "source_schema": "源Schema",
              "target_schema": "目标Schema",
              "Value": "平均耗时(秒)"
            }
          }
        }
      ],
      "type": "table"
    },
    {
      "collapsed": false,
      "datasource": null,
      "gridPos": {
        "h": 1,
        "w": 24,
        "x": 0,
        "y": 39
      },
      "id": 104,
      "panels": [],
      "title": "数据质量分析",
      "type": "row"
    },
    {
      "datasource": "Prometheus",
      "fieldConfig": {
        "defaults": {
          "color": {
            "mode": "continuous-GrYlRd"
          },
          "custom": {
            "hideFrom": {
              "tooltip": false,
              "viz": false,
              "legend": false
            }
          },
          "mappings": [],
          "thresholds": {
            "mode": "absolute",
            "steps": [
              {
                "color": "green",
                "value": null
              }
            ]
          },
          "unit": "percentunit"
        },
        "overrides": []
      },
      "gridPos": {
        "h": 8,
        "w": 12,
        "x": 0,
        "y": 40
      },
      "id": 8,
      "options": {
        "calculate": false,
        "cellGap": 1,
        "cellValues": {
          "unit": "percentunit"
        },
        "color": {
          "exponent": 0.5,
          "fill": "dark-orange",
          "mode": "scheme",
          "reverse": true,
          "scale": "exponential",
          "scheme": "RdYlGn",
          "steps": 64
        },
        "exemplars": {
          "color": "rgba(255,0,255,0.7)"
        },
        "filterValues": {
          "le": 1e-9
        },
        "legend": {
          "show": true
        },
        "rowsFrame": {
          "layout": "auto"
        },
        "tooltip": {
          "show": true,
          "yHistogram": false
        },
        "yAxis": {
          "axisPlacement": "left",
          "reverse": false
        }
      },
      "pluginVersion": "8.0.0",
      "targets": [
        {
          "expr": "datadiff_column_null_rate",
          "format": "heatmap",
          "refId": "A"
        }
      ],
      "title": "列空值率热力图",
      "type": "heatmap"
    },
    {
      "datasource": "Prometheus",
      "fieldConfig": {
        "defaults": {
          "color": {
            "mode": "palette-classic"
          },
          "custom": {
            "axisLabel": "",
            "axisPlacement": "auto",
            "barAlignment": 0,
            "drawStyle": "bars",
            "fillOpacity": 100,
            "gradientMode": "none",
            "hideFrom": {
              "tooltip": false,
              "viz": false,
              "legend": false
            },
            "lineInterpolation": "linear",
            "lineWidth": 1,
            "pointSize": 5,
            "scaleDistribution": {
              "type": "linear"
            },
            "showPoints": "never",
            "spanNulls": true,
            "stacking": {
              "group": "A",
              "mode": "normal"
            },
            "thresholdsStyle": {
              "mode": "off"
            }
          },
          "mappings": [],
          "thresholds": {
            "mode": "absolute",
            "steps": [
              {
                "color": "green",
                "value": null
              }
            ]
          },
          "unit": "short"
        },
        "overrides": []
      },
      "gridPos": {
        "h": 8,
        "w": 12,
        "x": 12,
        "y": 40
      },
      "id": 10,
      "options": {
        "tooltip": {
          "mode": "multi"
        },
        "legend": {
          "displayMode": "list",
          "placement": "bottom",
          "calcs": []
        }
      },
      "pluginVersion": "8.0.0",
      "targets": [
        {
          "expr": "sum by (table_name) (increase(datadiff_rows_compared_total_count[1h]))",
          "legendFormat": "{{table_name}}",
          "refId": "A"
        }
      ],
      "title": "每小时比对数据量趋势",
      "type": "timeseries"
    },
    {
      "datasource": "Prometheus",
      "fieldConfig": {
        "defaults": {
          "color": {
            "mode": "palette-classic"
          },
          "custom": {
            "hideFrom": {
              "tooltip": false,
              "viz": false,
              "legend": false
            }
          },
          "mappings": [],
          "unit": "short"
        },
        "overrides": []
      },
      "gridPos": {
        "h": 8,
        "w": 24,
        "x": 0,
        "y": 48
      },
      "id": 9,
      "options": {
        "displayLabels": ["name", "percent"],
        "legend": {
          "displayMode": "table",
          "placement": "right",
          "values": ["value"],
          "calcs": []
        },
        "pieType": "pie",
        "reduceOptions": {
          "values": false,
          "calcs": [
            "sum"
          ],
          "fields": ""
        },
        "tooltip": {
          "mode": "single"
        }
      },
      "pluginVersion": "8.0.0",
      "targets": [
        {
          "expr": "sum by (parameter_name) (datadiff_feature_usage_total)",
          "legendFormat": "{{parameter_name}}",
          "refId": "A"
        }
      ],
      "title": "功能使用情况分布",
      "type": "piechart"
    }
  ],
  "schemaVersion": 27,
  "style": "dark",
  "tags": ["data-diff", "business", "metrics"],
  "templating": {
    "list": []
  },
  "time": {
    "from": "now-6h",
    "to": "now"
  },
  "timepicker": {},
  "timezone": "",
  "title": "Business Metrics",
  "uid": "business-metrics",
  "version": 0
}